timestamp,ad_id,title,price,classification,range_min,range_max,diff_percent,action,risk_factor,phone_model,ad_url,issue_reason,user_score,user_notes,is_real_deal,session_type
2026-06-26 20:33:28,208287560,Apple - iPhone 11,"EGP 11,500",✅ عادل,"7,000","17,000 EGP",-4.17,سعر مناسب فحص جيد قبل الشراء.,لا يوجد مخاطر.,iPhone 11,"=HYPERLINK(""{ad_url}"", ""رابط"")",AI_Success,,,,Hourly
2026-06-26 20:33:28,208287469,هونر 200 برو,"EGP 27,000",✅ عادل,"22,000","27,300 EGP",9.53,سعر مناسب فحص جيد قبل الشراء.,لا يوجد مخاطر.,Honor 200 Pro,"=HYPERLINK(""{ad_url}"", ""رابط"")",AI_Success,,,,Hourly
2026-06-26 20:33:28,208287432,A5 pro oppo ليموني اخضر,"EGP 10,000",✅ عادل,"7,500","11,000 EGP",8.11,سعر مناسب فحص جيد قبل الشراء.,لا يوجد مخاطر.,Oppo A5 Pro 4G,"=HYPERLINK(""{ad_url}"", ""رابط"")",AI_Success,,,,Hourly
2026-06-26 20:33:28,208287219,Iphone 13 128 Giga,"EGP 23,000",✅ عادل,"14,000","29,000 EGP",6.98,سعر مناسب فحص جيد قبل الشراء.,لا يوجد مخاطر.,iPhone 13 128GB,"=HYPERLINK(""{ad_url}"", ""رابط"")",AI_Success,,,,Hourly
2026-06-26 20:33:28,208287206,آبل - آيفون 13,"EGP 17,000",✅ عادل,"14,000","29,000 EGP",-20.93,سعر جيد جداً لا تتردد.,لا يوجد مخاطر.,iPhone 13,"=HYPERLINK(""{ad_url}"", ""رابط"")",AI_Success,,,,Hourly
2026-06-26 20:33:28,208287141,Samsung A56,"EGP 19,000",✅ عادل,"12,000","19,500 EGP",20.63,سعر مرتفع نسبياً تفاوض جيداً.,تأكد من حالة الجهاز جيداً.,Samsung A55 5G,"=HYPERLINK(""{ad_url}"", ""رابط"")",AI_Success,,,,Hourly
2026-06-26 20:33:28,208287037,Samsung A52S 5g مش مغير اي حاجه,"EGP 6,500",✅ عادل,"4,000","9,000 EGP",0.0,سعر عادل تماماً فحص دقيق.,فحص الجهاز قبل الشراء.,Samsung A52s 5G,"=HYPERLINK(""{ad_url}"", ""رابط"")",AI_Success,,,,Hourly
2026-06-26 20:33:28,208287019,Apple - iPhone 11,"EGP 14,500",✅ عادل,"7,000","17,000 EGP",20.83,سعر مرتفع نسبياً تفاوض جيداً.,لا يوجد مخاطر.,iPhone 11,"=HYPERLINK(""{ad_url}"", ""رابط"")",AI_Success,,,,Hourly
2026-06-26 20:33:28,208286984,آبل - آيفون 12,"EGP 15,000",✅ عادل,"10,500","15,500 EGP",15.38,سعر مناسب فحص دقيق للجهاز.,لا يوجد مخاطر.,iPhone 12,"=HYPERLINK(""{ad_url}"", ""رابط"")",AI_Success,,,,Hourly
---,---,---,---,---,---,---,---,---,---,---,---,---,---,---,---,---
2026-06-26 20:35:55,202604995,oppo find x6,"EGP 30,000",â Œ Ù…Ø¨Ø§Ù„Øº Ù ÙŠÙ‡,,,+20%,لا تشترِ، السعر مرتفع جداً,سعر أعلى من القيمة السوقية الحقيقية,Oppo Find X6,"=HYPERLINK(""https://www.dubizzle.com.eg/en/ad/oppo-find-x6-ID202604995.html"", ""رابط"")",AI_Success,,,,Hourly
---,---,---,---,---,---,---,---,---,---,---,---,---,---,---,---,---
2026-06-26 18:17:33,206243867,الكريتي,"EGP 5,500",✅ عادل,,,N/A,ابحث عن معلومات أكثر عنه,اسم غير معروف، قد يكون خداع,الكريتي,"=HYPERLINK(""https://www.dubizzle.com.eg/en/ad/%D8%A7%D9%84%D9%83%D8%B1%D9%8A%D8%AA%D9%8A-ID206243867.html"", ""رابط"")",AI_Success,,,,Hourly
2026-06-26 18:17:33,208287933,وان بلس 11 5 جي,"EGP 21,000",❌ مبالغ فيه,,,+16.67%,مبالغ في سعره، ابحث أفضل,سعر أعلى بكثير من السوق,OnePlus 11 5G,"=HYPERLINK(""https://www.dubizzle.com.eg/en/ad/%D9%88%D8%A7%D9%86-%D8%A8%D9%84%D8%B3-11-5-%D8%AC%D9%8A-ID208287933.html"", ""رابط"")",AI_Success,,,,Hourly
2026-06-26 18:17:33,208287920,Xiaomi Poco X7 Pro,"EGP 20,000",✅ عادل,,,N/A,تأكد من اسم الطراز,طراز غير موجود، قد يكون احتيال,Xiaomi Poco X7 Pro,"=HYPERLINK(""https://www.dubizzle.com.eg/en/ad/xiaomi-poco-x7-pro-ID208287920.html"", ""رابط"")",AI_Success,,,,Hourly
2026-06-26 18:17:33,207252892,oukitel,"EGP 30,000",❌ مبالغ فيه,,,+275.00%,لا تشترِ، مبالغ جداً,سعر غير منطقي، احذر النصب,Oukitel,"=HYPERLINK(""https://www.dubizzle.com.eg/en/ad/oukitel-ID207252892.html"", ""رابط"")",AI_Success,,,,Hourly
2026-06-26 18:17:33,208287771,آبل - آيفون 11 برو البطاريه  83%. -256 جيجا,"EGP 12,000",✅ عادل,,,-11.11%,السعر جيد، افحص الجهاز,بطارية متوسطة، قد تحتاج لتغيير,iPhone 11 Pro 256GB,"=HYPERLINK(""https://www.dubizzle.com.eg/en/ad/%D8%A2%D8%A8%D9%84-%D8%A2%D9%8A%D9%81%D9%88%D9%86-11-%D8%A8%D8%B1%D9%88-%D8%A7%D9%84%D8%A8%D8%B7%D8%A7%D8%B1%D9%8A%D9%87-83-256-%D8%AC%D9%8A%D8%AC%D8%A7-ID208287771.html"", ""رابط"")",AI_Success,,,,Hourly
2026-06-26 18:17:33,208287767,سامسونج اس 21 بلس 5 جي مساحته 256 جيجا رامات 8 حالته ممتازه,"EGP 9,800",🔥 لقطة,,,-24.62%,سعر ممتاز، تحقق جيدًا,قد يكون به عيوب خفية,Samsung S21 Plus 5G 256GB,"=HYPERLINK(""https://www.dubizzle.com.eg/en/ad/%D8%B3%D8%A7%D9%85%D8%B3%D9%88%D9%86%D8%AC-%D8%A7%D8%B3-21-%D8%A8%D9%84%D8%B3-5-%D8%AC%D9%8A-%D9%85%D8%B3%D8%A7%D8%AD%D8%AA%D9%87-256-%D8%AC%D9%8A%D8%AC%D8%A7-%D8%B1%D8%A7%D9%85%D8%A7%D8%AA-8-%D8%AD%D8%A7%D9%84%D8%AA%D9%87-%D9%85%D9%85%D8%AA%D8%A7%D8%B2%D9%87-ID208287767.html"", ""رابط"")",AI_Success,,,,Hourly
2026-06-26 18:17:33,208287733,هونر 400,"EGP 18,999",✅ عادل,,,-7.32%,سعر عادل، تحقق بعناية,تفاوت الأسعار بين الإصدارات,Honor 400,"=HYPERLINK(""https://www.dubizzle.com.eg/en/ad/%D9%87%D9%88%D9%86%D8%B1-400-ID208287733.html"", ""رابط"")",AI_Success,,,,Hourly
2026-06-26 18:17:33,208287711,اوبو اف 15,"EGP 22,500",⚠️ مصيدة,,,+462.50%,تجنب تمامًا، فخ واضح,طراز قديم، سعر مبالغ فيه جدًا,Oppo F15,"=HYPERLINK(""https://www.dubizzle.com.eg/en/ad/%D8%A7%D9%88%D8%A8%D9%88-%D8%A7%D9%81-15-ID208287711.html"", ""رابط"")",AI_Success,,,,Hourly
2026-06-26 18:17:33,208287689,Apple - iPhone SE,"EGP 17,500",❌ مبالغ فيه,,,+16.67%,راجع السعر، مبالغ به,سعر أعلى من متوسط السوق,iPhone SE 2022,"=HYPERLINK(""https://www.dubizzle.com.eg/en/ad/apple-iphone-se-ID208287689.html"", ""رابط"")",AI_Success,,,,Hourly
2026-06-26 18:17:33,208287687,زهراء مدينة نصر تقاطع السلاب,"EGP 8,000",✅ عادل,,,N/A,لا يوجد هاتف معلن,إعلان غير واضح، بدون هاتف,غير محدد,"=HYPERLINK(""https://www.dubizzle.com.eg/en/ad/%D8%B2%D9%87%D8%B1%D8%A7%D8%A1-%D9%85%D8%AF%D9%8A%D9%86%D8%A9-%D9%86%D8%B5%D8%B1-%D8%AA%D9%82%D8%A7%D8%B7%D8%B9-%D8%A7%D9%84%D8%B3%D9%84%D8%A7%D8%A8-ID208287687.html"", ""رابط"")",AI_Success,,,,Hourly
2026-06-26 18:17:33,208287686,شاومي ريدمي 14 ار,"EGP 6,500",✅ عادل,,,+18.18%,تأكد من المواصفات جيدًا,طراز غير شائع، قد يصعب بيعه,Xiaomi Redmi 14R,"=HYPERLINK(""https://www.dubizzle.com.eg/en/ad/%D8%B4%D8%A7%D9%88%D9%85%D9%8A-%D8%B1%D9%8A%D8%AF%D9%85%D9%8A-14-%D8%A7%D8%B1-ID208287686.html"", ""رابط"")",AI_Success,,,,Hourly
2026-06-26 18:17:33,208287673,Samsung A57,"EGP 24,000",🔥 لقطة,,,-12.73%,فرصة جيدة، افحص الجهاز,لا يوجد مخاطر كبيرة,Samsung A57,"=HYPERLINK(""https://www.dubizzle.com.eg/en/ad/samsung-a57-ID208287673.html"", ""رابط"")",AI_Success,,,,Hourly
2026-06-26 18:17:33,208287667,Apple - iPhone XS Max,"EGP 13,500",✅ عادل,,,0.00%,سعر مناسب، حالة جيدة,طراز قديم، دعم محدود,iPhone XS Max,"=HYPERLINK(""https://www.dubizzle.com.eg/en/ad/apple-iphone-xs-max-ID208287667.html"", ""رابط"")",AI_Success,,,,Hourly
2026-06-26 18:17:33,208287666,اوبو اي 5,"EGP 6,000",✅ عادل,,,+50.00%,سعر مقبول، افحص جيداً,طراز قديم، قد يكون بطيئًا,Oppo A5,"=HYPERLINK(""https://www.dubizzle.com.eg/en/ad/%D8%A7%D9%88%D8%A8%D9%88-%D8%A7%D9%8A-5-ID208287666.html"", ""رابط"")",AI_Success,,,,Hourly
2026-06-26 18:17:33,208287662,شاومي ريدمي 7 ايه,"EGP 6,200",⚠️ مصيدة,,,+313.33%,لا تشترِ، تجنب الفخ,طراز قديم جداً، سعر وهمي,Xiaomi Redmi 7A,"=HYPERLINK(""https://www.dubizzle.com.eg/en/ad/%D8%B4%D8%A7%D9%88%D9%85%D9%8A-%D8%B1%D9%8A%D8%AF%D9%85%D9%8A-7-%D8%A7%D9%8A%D9%87-ID208287662.html"", ""رابط"")",AI_Success,,,,Hourly
2026-06-26 18:17:33,208287626,Samsung A57,"EGP 26,000",✅ عادل,,,-5.45%,سعر مقبول، افحص الجهاز,لا يوجد مخاطر كبيرة,Samsung A57,"=HYPERLINK(""https://www.dubizzle.com.eg/en/ad/samsung-a57-ID208287626.html"", ""رابط"")",AI_Success,,,,Hourly
2026-06-26 18:17:33,208287616,هونر 400,"EGP 12,000",🔥 لقطة,,,-33.33%,فرصة ممتازة، افحص سريعاً,قد يكون به عيوب، تحقق,Honor 400,"=HYPERLINK(""https://www.dubizzle.com.eg/en/ad/%D9%87%D9%88%D9%86%D8%B1-400-ID208287616.html"", ""رابط"")",AI_Success,,,,Hourly
---,---,---,---,---,---,---,---,---,---,---,---,---,---,---,---,---
2026-06-26 19:54:13,208288833,أخرى ء,"EGP 5,000",✅ عادل,,,0.0,تقييم عادل سعر مقبول الآن,لا تتوفر بيانات كافية للسوق، يصعب تقييم القيمة الحقيقية.,أخرى,"=HYPERLINK(""https://www.dubizzle.com.eg/en/ad/%D8%A3%D8%AE%D8%B1%D9%89-%D8%A1-ID208288833.html"", ""رابط"")",AI_Success,,,,Hourly
2026-06-26 19:54:13,208288825,آبل - آيفون 12 برو ماكس,"EGP 22,500",✅ عادل,21000,26000 EGP,-4.26,سعر معقول ومناسب للسوق,السعر يتماشى مع توقعات السوق، مخاطرة عادية للشراء المستعمل.,Apple iPhone 12 Pro Max,"=HYPERLINK(""https://www.dubizzle.com.eg/en/ad/%D8%A2%D8%A8%D9%84-%D8%A2%D9%8A%D9%81%D9%88%D9%86-12-%D8%A8%D8%B1%D9%88-%D9%85%D8%A7%D9%83%D8%B3-ID208288825.html"", ""رابط"")",AI_Success,,,,Hourly
2026-06-26 19:54:13,208288818,اوبو ايه 6 فور جي,"EGP 11,000",✅ عادل,9000,13000 EGP,0.0,سعر معقول ومناسب للسوق,السعر يتماشى مع توقعات السوق، مخاطرة عادية للشراء المستعمل.,Oppo A6 4G,"=HYPERLINK(""https://www.dubizzle.com.eg/en/ad/%D8%A7%D9%88%D8%A8%D9%88-%D8%A7%D9%8A%D9%87-6-%D9%81%D9%88%D8%B1-%D8%AC%D9%8A-ID208288818.html"", ""رابط"")",AI_Success,,,,Hourly
2026-06-26 19:54:13,208288817,آبل - آيفون 11,"EGP 13,500",✅ عادل,11000,15000 EGP,3.85,سعر معقول ومناسب للسوق,السعر يتماشى مع توقعات السوق، مخاطرة عادية للشراء المستعمل.,Apple iPhone 11,"=HYPERLINK(""https://www.dubizzle.com.eg/en/ad/%D8%A2%D8%A8%D9%84-%D8%A2%D9%8A%D9%81%D9%88%D9%86-11-ID208288817.html"", ""رابط"")",AI_Success,,,,Hourly
2026-06-26 19:54:13,208288806,ناثينج سى ام اف 1 5g للبدل اوللبيع,"EGP 11,000",🔥 لقطة,11000,13500 EGP,-10.2,صفقة رائعة جداً اشترِ الآن,سعر تنافسي جدًا وقد لا يدوم طويلاً، لكن يجب التحقق من الحالة.,Nothing CMF Phone 1 5G,"=HYPERLINK(""https://www.dubizzle.com.eg/en/ad/%D9%86%D8%A7%D8%AB%D9%8A%D9%86%D8%AC-%D8%B3%D9%89-%D8%A7%D9%85-%D8%A7%D9%81-1-5g-%D9%84%D9%84%D8%A8%D8%AF%D9%84-%D8%A7%D9%88%D9%84%D9%84%D8%A8%D9%8A%D8%B9-ID208288806.html"", ""رابط"")",AI_Success,,,,Hourly
2026-06-26 19:54:13,208288799,Realme GT 6,"EGP 18,500",✅ عادل,,,0.0,تقييم عادل سعر مقبول الآن,هاتف غير موجود أو مستقبلي، لا توجد بيانات سوقية حقيقية.,Realme GT 6,"=HYPERLINK(""https://www.dubizzle.com.eg/en/ad/realme-gt-6-ID208288799.html"", ""رابط"")",AI_Success,,,,Hourly
2026-06-26 19:54:13,208288778,Apple - iPhone 13,"EGP 25,000",✅ عادل,22000,28000 EGP,0.0,سعر معقول ومناسب للسوق,السعر يتماشى مع توقعات السوق، مخاطرة عادية للشراء المستعمل.,Apple iPhone 13,"=HYPERLINK(""https://www.dubizzle.com.eg/en/ad/apple-iphone-13-ID208288778.html"", ""رابط"")",AI_Success,,,,Hourly
2026-06-26 19:54:13,208288757,آبل - آيفون 12 برو,"EGP 15,000",🔥 لقطة,15000,20000 EGP,-14.29,صفقة رائعة جداً اشترِ الآن,سعر تنافسي جدًا وقد لا يدوم طويلاً، لكن يجب التحقق من الحالة.,Apple iPhone 12 Pro,"=HYPERLINK(""https://www.dubizzle.com.eg/en/ad/%D8%A2%D8%A8%D9%84-%D8%A2%D9%8A%D9%81%D9%88%D9%86-12-%D8%A8%D8%B1%D9%88-ID208288757.html"", ""رابط"")",AI_Success,,,,Hourly
2026-06-26 19:54:13,208288742,اوبو رينو 14,"EGP 23,000",✅ عادل,,,0.0,تقييم عادل سعر مقبول الآن,هاتف غير موجود أو مستقبلي، لا توجد بيانات سوقية حقيقية.,Oppo Reno 14,"=HYPERLINK(""https://www.dubizzle.com.eg/en/ad/%D8%A7%D9%88%D8%A8%D9%88-%D8%B1%D9%8A%D9%86%D9%88-14-ID208288742.html"", ""رابط"")",AI_Success,,,,Hourly
2026-06-26 19:54:13,208288711,شاومي ريدمي نوت 15 برو 5 جي,"EGP 18,500",✅ عادل,17000,22000 EGP,-5.13,سعر معقول ومناسب للسوق,السعر يتماشى مع توقعات السوق، مخاطرة عادية للشراء المستعمل.,Xiaomi Redmi Note 15 Pro 5G,"=HYPERLINK(""https://www.dubizzle.com.eg/en/ad/%D8%B4%D8%A7%D9%88%D9%85%D9%8A-%D8%B1%D9%8A%D8%AF%D9%85%D9%8A-%D9%86%D9%88%D8%AA-15-%D8%A8%D8%B1%D9%88-5-%D8%AC%D9%8A-ID208288711.html"", ""رابط"")",AI_Success,,,,Hourly
2026-06-26 19:54:13,208288651,Samsung A24,"EGP 7,000",✅ عادل,6000,8000 EGP,0.0,سعر معقول ومناسب للسوق,السعر يتماشى مع توقعات السوق، مخاطرة عادية للشراء المستعمل.,Samsung A24,"=HYPERLINK(""https://www.dubizzle.com.eg/en/ad/samsung-a24-ID208288651.html"", ""رابط"")",AI_Success,,,,Hourly
2026-06-26 19:54:13,208288627,Xiaomi Redmi Note 15 5G 8-256,"EGP 15,500",❌ مبالغ فيه,6300,8600 EGP,108.05,سعره مبالغ فيه لا تشترِ,تدفع أكثر من اللازم لجهاز مستعمل، لا يوجد تبرير.,Xiaomi Redmi Note 15 5G,"=HYPERLINK(""https://www.dubizzle.com.eg/en/ad/xiaomi-redmi-note-15-5g-8-256-ID208288627.html"", ""رابط"")",AI_Success,,,,Hourly
2026-06-26 19:54:13,208288578,Samsung A17 5g 8-256,"EGP 15,000",❌ مبالغ فيه,8500,13000 EGP,39.53,سعره مبالغ فيه لا تشترِ,تدفع أكثر من اللازم لجهاز مستعمل، لا يوجد تبرير.,Samsung A17 5G,"=HYPERLINK(""https://www.dubizzle.com.eg/en/ad/samsung-a17-5g-8-256-ID208288578.html"", ""رابط"")",AI_Success,,,,Hourly
2026-06-26 19:54:13,208288557,Infinix Hot 60 Pro,"EGP 8,000",✅ عادل,,,0.0,تقييم عادل سعر مقبول الآن,هاتف غير موجود أو مستقبلي، لا توجد بيانات سوقية حقيقية.,Infinix Hot 60 Pro,"=HYPERLINK(""https://www.dubizzle.com.eg/en/ad/infinix-hot-60-pro-ID208288557.html"", ""رابط"")",AI_Success,,,,Hourly
2026-06-26 19:54:13,208288547,Apple - iPhone 13,"EGP 24,000",✅ عادل,22000,28000 EGP,-4.0,سعر معقول ومناسب للسوق,السعر يتماشى مع توقعات السوق، مخاطرة عادية للشراء المستعمل.,Apple iPhone 13,"=HYPERLINK(""https://www.dubizzle.com.eg/en/ad/apple-iphone-13-ID208288547.html"", ""رابط"")",AI_Success,,,,Hourly
2026-06-26 19:54:13,208288540,آبل - آيفون اكس اس,"EGP 9,500",✅ عادل,7000,10000 EGP,11.76,سعر معقول ومناسب للسوق,هاتف قديم نسبياً، قد تكون البطارية وكفاءة الأداء متأثرة.,Apple iPhone XS,"=HYPERLINK(""https://www.dubizzle.com.eg/en/ad/%D8%A2%D8%A8%D9%84-%D8%A2%D9%8A%D9%81%D9%88%D9%86-%D8%A7%D9%83%D8%B3-%D8%A7%D8%B3-ID208288540.html"", ""رابط"")",AI_Success,,,,Hourly
2026-06-26 19:54:13,208288528,ريلمى سي 1,"EGP 8,000",⚠️ مصيدة,1500,3000 EGP,255.56,تجنب الشراء إنه فخ قديم,هاتف قديم جدًا ولا يستحق هذا السعر على الإطلاق، محاولة لاستغلال المشترين.,Realme C1,"=HYPERLINK(""https://www.dubizzle.com.eg/en/ad/%D8%B1%D9%8A%D9%84%D9%85%D9%89-%D8%B3%D9%8A-1-ID208288528.html"", ""رابط"")",AI_Success,,,,Hourly
---,---,---,---,---,---,---,---,---,---,---,---,---,---,---,---,---
2026-06-27 09:27:16,208292102,شاومي نوت 13,"EGP 5,500",🔥 لقطة,,,-21.43,اشترِ فوراً، فرصة لا تعوض.,قد يكون به عيوب خفية.,Xiaomi Redmi Note 13,"=HYPERLINK(""https://www.dubizzle.com.eg/en/ad/%D8%B4%D8%A7%D9%88%D9%85%D9%8A-%D9%86%D9%88%D8%AA-13-ID208292102.html"", ""رابط"")",AI_Success,,,,Hourly
2026-06-27 09:27:16,208292101,Xiaomi Redmi 12,"EGP 5,500",🔥 لقطة,,,-5.17,فرصة ممتازة، لا تتردد بالشراء.,تحقق جيداً من حالة الجهاز.,Xiaomi Redmi 12,"=HYPERLINK(""https://www.dubizzle.com.eg/en/ad/xiaomi-redmi-12-ID208292101.html"", ""رابط"")",AI_Success,,,,Hourly
2026-06-27 09:27:16,208292095,Realme C65,"EGP 7,000",✅ عادل,,,0.0,سعر معقول، يمكن التفاوض قليلاً.,لا يوجد مخاطر إضافية عن المعتاد.,Realme C65,"=HYPERLINK(""https://www.dubizzle.com.eg/en/ad/realme-c65-ID208292095.html"", ""رابط"")",AI_Success,,,,Hourly
2026-06-27 09:27:16,208292087,هونر x7b مساحة 256 جيجا رامات 6 +6 كسر زيرو بالكرتونة بكل حاجتة,"EGP 6,000",🔥 لقطة,,,-20.0,صفقة العمر، اشترِ الآن.,تأكد من سلامة الهاتف وملحقاته.,Honor X7b 256GB 6GB RAM,"=HYPERLINK(""https://www.dubizzle.com.eg/en/ad/%D9%87%D9%88%D9%86%D8%B1-x7b-%D9%85%D8%B3%D8%A7%D8%AD%D8%A9-256-%D8%AC%D9%8A%D8%AC%D8%A7-%D8%B1%D8%A7%D9%85%D8%A7%D8%AA-6-6-%D9%83%D8%B3%D8%B1-%D8%B2%D9%8A%D8%B1%D9%88-%D8%A8%D8%A7%D9%84%D9%83%D8%B1%D8%AA%D9%88%D9%86%D8%A9-%D8%A8%D9%83%D9%84-%D8%AD%D8%A7%D8%AC%D8%AA%D8%A9-ID208292087.html"", ""رابط"")",AI_Success,,,,Hourly
2026-06-27 09:27:16,208292077,اوبو A6x استعمال اسبوع,"EGP 6,800",✅ عادل,,,0.0,تحقق من الاسم، قد يكون خطأ.,قد يكون موديل غير معروف أو غير مدعوم.,Oppo A6x,"=HYPERLINK(""https://www.dubizzle.com.eg/en/ad/%D8%A7%D9%88%D8%A8%D9%88-a6x-%D8%A7%D8%B3%D8%AA%D8%B9%D9%85%D8%A7%D9%84-%D8%A7%D8%B3%D8%A8%D9%88%D8%B9-ID208292077.html"", ""رابط"")",AI_Success,,,,Hourly
2026-06-27 09:27:16,208292070,Apple - iPhone 13,"EGP 24,000",🔥 لقطة,,,-7.69,سعر رائع جداً، سارع بالشراء.,افحص البطارية والحالة جيداً.,Apple iPhone 13,"=HYPERLINK(""https://www.dubizzle.com.eg/en/ad/apple-iphone-13-ID208292070.html"", ""رابط"")",AI_Success,,,,Hourly
2026-06-27 09:27:16,208292063,Apple - iPhone 12 Pro,"EGP 20,000",✅ عادل,,,-4.76,سعر جيد ومقبول، يمكن الشراء.,تأكد من حالة البطارية والشاشة.,Apple iPhone 12 Pro,"=HYPERLINK(""https://www.dubizzle.com.eg/en/ad/apple-iphone-12-pro-ID208292063.html"", ""رابط"")",AI_Success,,,,Hourly
2026-06-27 09:27:16,208291974,OPPO A3,"EGP 7,000",✅ عادل,,,0.0,تأكد من الموديل جيداً.,قد يكون موديل قديم جداً مبالغ في سعره.,Oppo A3,"=HYPERLINK(""https://www.dubizzle.com.eg/en/ad/oppo-a3-ID208291974.html"", ""رابط"")",AI_Success,,,,Hourly
2026-06-27 09:27:16,206539006,Honor X9A,"EGP 10,500",✅ عادل,,,-6.67,سعر جيد، يستحق المراجعة والشراء.,تحقق من حالة الشاشة والبطارية.,Honor X9A,"=HYPERLINK(""https://www.dubizzle.com.eg/en/ad/honor-x9a-ID206539006.html"", ""رابط"")",AI_Success,,,,Hourly
2026-06-27 09:27:16,208291930,شيراتون المطار,"EGP 6,000",✅ عادل,,,0.0,هذا ليس هاتف، تأكد من الإعلان.,إعلان احتيالي أو غير صحيح.,غير محدد,"=HYPERLINK(""https://www.dubizzle.com.eg/en/ad/%D8%B4%D9%8A%D8%B1%D8%A7%D8%AA%D9%88%D9%86-%D8%A7%D9%84%D9%85%D8%B7%D8%A7%D8%B1-ID208291930.html"", ""رابط"")",AI_Success,,,,Hourly
2026-06-27 09:27:16,208291898,سامسونج ايه 23,"EGP 5,500",🔥 لقطة,,,-5.17,فرصة جيدة، قم بالمعاينة والشراء.,تحقق من حالة الجهاز قبل الدفع.,Samsung A23,"=HYPERLINK(""https://www.dubizzle.com.eg/en/ad/%D8%B3%D8%A7%D9%85%D8%B3%D9%88%D9%86%D8%AC-%D8%A7%D9%8A%D9%87-23-ID208291898.html"", ""رابط"")",AI_Success,,,,Hourly
2026-06-27 09:27:16,208202821,سامسونج ايه ١٧,"EGP 14,700",❌ مبالغ فيه,,,5.0,سعر مبالغ فيه، لا يستحق الشراء.,مبالغة في السعر مقارنة بالجديد والمستعمل.,Samsung A17,"=HYPERLINK(""https://www.dubizzle.com.eg/en/ad/%D8%B3%D8%A7%D9%85%D8%B3%D9%88%D9%86%D8%AC-%D8%A7%D9%8A%D9%87-%D9%A1%D9%A7-ID208202821.html"", ""رابط"")",AI_Success,,,,Hourly
2026-06-27 09:27:16,208291835,هونر اكس 5 بلس,"EGP 6,000",❌ مبالغ فيه,,,33.33,هذا السعر مرتفع جداً، لا تشترِ.,مبالغة شديدة في السعر، ابحث عن بديل.,Honor X5 Plus,"=HYPERLINK(""https://www.dubizzle.com.eg/en/ad/%D9%87%D9%88%D9%86%D8%B1-%D8%A7%D9%83%D8%B3-5-%D8%A8%D9%84%D8%B3-ID208291835.html"", ""رابط"")",AI_Success,,,,Hourly
2026-06-27 09:27:16,208291807,آبل - آيفون 12 برو ماكس,"EGP 23,500",✅ عادل,,,-6.0,سعر مقبول، يمكن التفاوض قليلاً.,افحص البطارية والشاشة جيداً.,Apple iPhone 12 Pro Max,"=HYPERLINK(""https://www.dubizzle.com.eg/en/ad/%D8%A2%D8%A8%D9%84-%D8%A2%D9%8A%D9%81%D9%88%D9%86-12-%D8%A8%D8%B1%D9%88-%D9%85%D8%A7%D9%83%D8%B3-ID208291807.html"", ""رابط"")",AI_Success,,,,Hourly
---,---,---,---,---,---,---,---,---,---,---,---,---,---,---,---,---
2026-06-27 11:23:57,208292866,هوت 60 برو بلص,"EGP 9,500",✅ عادل,,,2.7,سعر معقول، يمكن الشراء.,لا يوجد مخاطرة كبيرة.,Infinix Hot 60 Pro Plus,"=HYPERLINK(""https://www.dubizzle.com.eg/en/ad/%D9%87%D9%88%D8%AA-60-%D8%A8%D8%B1%D9%88-%D8%A8%D9%84%D8%B5-ID208292866.html"", ""رابط"")",AI_Success,,,,Hourly
2026-06-27 11:23:57,208292839,آبل - آيفون 14,"EGP 21,000",🔥 لقطة,,,-14.3,فرصة ممتازة، اشترِ فوراً.,لا يوجد مخاطرة كبيرة.,iPhone 14,"=HYPERLINK(""https://www.dubizzle.com.eg/en/ad/%D8%A2%D8%A8%D9%84-%D8%A2%D9%8A%D9%81%D9%88%D9%86-14-ID208292839.html"", ""رابط"")",AI_Success,,,,Hourly
2026-06-27 11:23:57,208292830,ريلمى سى 67,"EGP 5,600",🔥 لقطة,,,-17.6,سعر ممتاز، لا تفوت الفرصة.,لا يوجد مخاطرة كبيرة.,Realme C67,"=HYPERLINK(""https://www.dubizzle.com.eg/en/ad/%D8%B1%D9%8A%D9%84%D9%85%D9%89-%D8%B3%D9%89-67-ID208292830.html"", ""رابط"")",AI_Success,,,,Hourly
2026-06-27 11:23:57,208292804,آبل - آيفون 13 برو ماكس,"EGP 30,000",🔥 لقطة,,,-10.4,صفقة رائعة، اشترِ الآن.,لا يوجد مخاطرة كبيرة.,iPhone 13 Pro Max,"=HYPERLINK(""https://www.dubizzle.com.eg/en/ad/%D8%A2%D8%A8%D9%84-%D8%A2%D9%8A%D9%81%D9%88%D9%86-13-%D8%A8%D8%B1%D9%88-%D9%85%D8%A7%D9%83%D8%B3-ID208292804.html"", ""رابط"")",AI_Success,,,,Hourly
2026-06-27 11:23:57,208292783,Apple - iPhone 13,"EGP 19,000",✅ عادل,,,-11.6,سعر جيد، يمكنك الشراء.,لا يوجد مخاطرة كبيرة.,iPhone 13,"=HYPERLINK(""https://www.dubizzle.com.eg/en/ad/apple-iphone-13-ID208292783.html"", ""رابط"")",AI_Success,,,,Hourly
2026-06-27 11:23:57,208292764,ايفون 13 برو ماكس ب علبته,"EGP 30,000",🔥 لقطة,,,-10.4,صفقة رائعة، اشترِ الآن.,لا يوجد مخاطرة كبيرة.,iPhone 13 Pro Max,"=HYPERLINK(""https://www.dubizzle.com.eg/en/ad/%D8%A7%D9%8A%D9%81%D9%88%D9%86-13-%D8%A8%D8%B1%D9%88-%D9%85%D8%A7%D9%83%D8%B3-%D8%A8-%D8%B9%D9%84%D8%A8%D8%AA%D9%87-ID208292764.html"", ""رابط"")",AI_Success,,,,Hourly
2026-06-27 11:23:57,208292716,Galaxy S22 Ultra dual sim 256/12G Burgundy,"EGP 19,000",✅ عادل,,,-10.6,صفقة جيدة، قم بالبحث.,لا يوجد مخاطرة كبيرة.,Samsung Galaxy S22 Ultra 256GB/12GB,"=HYPERLINK(""https://www.dubizzle.com.eg/en/ad/galaxy-s22-ultra-dual-sim-25612g-burgundy-ID208292716.html"", ""رابط"")",AI_Success,,,,Hourly
2026-06-27 11:23:57,208292688,سامسونج ايه 16,"EGP 10,000",❌ مبالغ فيه,,,29.0,السعر مبالغ فيه، لا تشترِ.,دفع مبلغ زائد عن القيمة الحقيقية.,Samsung Galaxy A16,"=HYPERLINK(""https://www.dubizzle.com.eg/en/ad/%D8%B3%D8%A7%D9%85%D8%B3%D9%88%D9%86%D8%AC-%D8%A7%D9%8A%D9%87-16-ID208292688.html"", ""رابط"")",AI_Success,,,,Hourly
2026-06-27 11:23:57,206516291,هونر سمارت x8c,"EGP 11,500",✅ عادل,,,12.2,سعر جيد، لكن قابل للمساومة.,قد يكون هناك خيارات أفضل.,Honor X8c,"=HYPERLINK(""https://www.dubizzle.com.eg/en/ad/%D9%87%D9%88%D9%86%D8%B1-%D8%B3%D9%85%D8%A7%D8%B1%D8%AA-x8c-ID206516291.html"", ""رابط"")",AI_Success,,,,Hourly
2026-06-27 11:23:57,208292545,Infinix Smart 20,"EGP 6,200",❌ مبالغ فيه,,,18.1,السعر مرتفع، ابحث عن بديل.,دفع مبلغ زائد عن القيمة الحقيقية.,Infinix Smart 20,"=HYPERLINK(""https://www.dubizzle.com.eg/en/ad/infinix-smart-20-ID208292545.html"", ""رابط"")",AI_Success,,,,Hourly
2026-06-27 11:23:57,208292524,رينو f15,"EGP 23,000",✅ عادل,,,9.5,سعر جيد، تحقق من الحالة.,قد يكون الموديل قديم ومبالغ فيه (إذا كان Oppo F15 القديم).,Oppo Reno 15F,"=HYPERLINK(""https://www.dubizzle.com.eg/en/ad/%D8%B1%D9%8A%D9%86%D9%88-f15-ID208292524.html"", ""رابط"")",AI_Success,,,,Hourly
2026-06-27 11:23:57,208292484,iPhone 13 128GB - تعريفة مدفوعة - حالة ممتازة - بطارية %87,"EGP 22,500",✅ عادل,,,4.7,سعر معقول، حالة جيدة جداً.,لا يوجد مخاطرة كبيرة.,iPhone 13 128GB,"=HYPERLINK(""https://www.dubizzle.com.eg/en/ad/iphone-13-128gb-%D8%AA%D8%B9%D8%B1%D9%8A%D9%81%D8%A9-%D9%85%D8%AF%D9%81%D9%88%D8%B9%D8%A9-%D8%AD%D8%A7%D9%84%D8%A9-%D9%85%D9%85%D8%AA%D8%A7%D8%B2%D8%A9-%D8%A8%D8%B7%D8%A7%D8%B1%D9%8A%D8%A9-87-ID208292484.html"", ""رابط"")",AI_Success,,,,Hourly
2026-06-27 11:23:57,208292465,i phone 11 pro max,"EGP 14,000",✅ عادل,,,-13.8,سعر جيد، مناسب للشراء.,لا يوجد مخاطرة كبيرة.,iPhone 11 Pro Max,"=HYPERLINK(""https://www.dubizzle.com.eg/en/ad/i-phone-11-pro-max-ID208292465.html"", ""رابط"")",AI_Success,,,,Hourly
2026-06-27 11:23:57,208292406,إنفنيكس note 50s,"EGP 11,500",✅ عادل,,,0.0,سعر جيد، لا تتردد بالشراء.,لا يوجد مخاطرة كبيرة.,Infinix Note 50s,"=HYPERLINK(""https://www.dubizzle.com.eg/en/ad/%D8%A5%D9%86%D9%81%D9%86%D9%8A%D9%83%D8%B3-note-50s-ID208292406.html"", ""رابط"")",AI_Success,,,,Hourly
---,---,---,---,---,---,---,---,---,---,---,---,---,---,---,---,---
2026-06-27 13:13:48,208293722,Samsung Galaxy A15 4G,"EGP 6,000",✅ عادل,5500,7500 EGP,-8%,السعر يبدو مناسباً للشراء,سعر معقول لا توجد مخاطر,Samsung Galaxy A15 4G,"=HYPERLINK(""https://www.dubizzle.com.eg/en/ad/samsung-galaxy-a15-4g-ID208293722.html"", ""رابط"")",AI_Success,,,,Hourly
2026-06-27 13:13:48,208293721,Apple - iPhone 13,"EGP 23,000", overpriced,17000,22000 EGP,+5%,هذا السعر مرتفع جداً حالياً,السعر أعلى من قيمة السوق بقليل,Apple - iPhone 13,"=HYPERLINK(""https://www.dubizzle.com.eg/en/ad/apple-iphone-13-ID208293721.html"", ""رابط"")",AI_Success,,,,Hourly
2026-06-27 13:13:48,208293690,سامسونج اس 21 الترا معاه العلبه محتاج صيانه مش هتكلفك,"EGP 9,000",🔥 لقطة,10000,18500 EGP,-10%,فحص تكلفة الصيانة قبل الشراء,عرض جيد جداً لكن تحقق، بالإضافة للصيانة المطلوبة,Samsung S21 Ultra,"=HYPERLINK(""https://www.dubizzle.com.eg/en/ad/%D8%B3%D8%A7%D9%85%D8%B3%D9%88%D9%86%D8%AC-%D8%A7%D8%B3-21-%D8%A7%D9%84%D8%AA%D8%B1%D8%A7-%D9%85%D8%B9%D8%A7%D9%87-%D8%A7%D9%84%D8%B9%D9%84%D8%A8%D9%87-%D9%85%D8%AD%D8%AA%D8%A7%D8%AC-%D8%B5%D9%8A%D8%A7%D9%86%D9%87-%D9%85%D8%B4-%D9%87%D8%AA%D9%83%D9%84%D9%81%D9%83-ID208293690.html"", ""رابط"")",AI_Success,,,,Hourly
2026-06-27 13:13:48,208293672,Apple - iPhone 13 mini,"EGP 18,000",✅ عادل,14500,22000 EGP,-1%,السعر يبدو مناسباً للشراء,سعر معقول لا توجد مخاطر,Apple - iPhone 13 mini,"=HYPERLINK(""https://www.dubizzle.com.eg/en/ad/apple-iphone-13-mini-ID208293672.html"", ""رابط"")",AI_Success,,,,Hourly
2026-06-27 13:13:48,207877102,Xiawmi 12s ultra,"EGP 18,000",✅ عادل,,,مش متوفر,بحث عن معلومات إضافية للسعر,نقص بيانات السوق للجهاز,Xiaomi 12S Ultra,"=HYPERLINK(""https://www.dubizzle.com.eg/en/ad/xiawmi-12s-ultra-ID207877102.html"", ""رابط"")",AI_Success,,,,Hourly
2026-06-27 13:13:48,208293584,هونر اكس ٧ سى,"EGP 5,500",🔥 لقطة,7000,9000 EGP,-21%,اغتنم هذه الفرصة الذهبية فوراً,عرض جيد جداً لكن تحقق,Honor X7c,"=HYPERLINK(""https://www.dubizzle.com.eg/en/ad/%D9%87%D9%88%D9%86%D8%B1-%D8%A7%D9%83%D8%B3-%D9%A7-%D8%B3%D9%89-ID208293584.html"", ""رابط"")",AI_Success,,,,Hourly
2026-06-27 13:13:48,208293568,سامسونج ايه ٥٣ ٥جي,"EGP 10,000",✅ عادل,7500,11500 EGP,+5%,السعر يبدو مناسباً للشراء,سعر معقول لا توجد مخاطر,Samsung A53 5G,"=HYPERLINK(""https://www.dubizzle.com.eg/en/ad/%D8%B3%D8%A7%D9%85%D8%B3%D9%88%D9%86%D8%AC-%D8%A7%D9%8A%D9%87-%D9%A5%D9%A3-%D9%A5%D8%AC%D9%8A-ID208293568.html"", ""رابط"")",AI_Success,,,,Hourly
2026-06-27 13:13:48,207883118,Iphone 14 pro max للبيع,"EGP 30,000",🔥 لقطة,37000,50000 EGP,-19%,اغتنم هذه الفرصة الذهبية فوراً,عرض جيد جداً لكن تحقق,iPhone 14 Pro Max,"=HYPERLINK(""https://www.dubizzle.com.eg/en/ad/iphone-14-pro-max-%D9%84%D9%84%D8%A8%D9%8A%D8%B9-ID207883118.html"", ""رابط"")",AI_Success,,,,Hourly
2026-06-27 13:13:48,208293444,سامسونج ايه 36,"EGP 13,500",✅ عادل,10000,14000 EGP,+13%,السعر يبدو مناسباً للشراء,سعر معقول لا توجد مخاطر,Samsung A36,"=HYPERLINK(""https://www.dubizzle.com.eg/en/ad/%D8%B3%D8%A7%D9%85%D8%B3%D9%88%D9%86%D8%AC-%D8%A7%D9%8A%D9%87-36-ID208293444.html"", ""رابط"")",AI_Success,,,,Hourly
2026-06-27 13:13:48,208293437,آبل - آيفون 13,"EGP 22,000",✅ عادل,17000,22000 EGP,+13%,السعر يبدو مناسباً للشراء,سعر معقول لا توجد مخاطر,Apple - iPhone 13,"=HYPERLINK(""https://www.dubizzle.com.eg/en/ad/%D8%A2%D8%A8%D9%84-%D8%A2%D9%8A%D9%81%D9%88%D9%86-13-ID208293437.html"", ""رابط"")",AI_Success,,,,Hourly
2026-06-27 13:13:48,208293382,Apple - iPhone 13,"EGP 27,000", overpriced,17000,22000 EGP,+23%,هذا السعر مرتفع جداً حالياً,السعر أعلى من قيمة السوق,Apple - iPhone 13,"=HYPERLINK(""https://www.dubizzle.com.eg/en/ad/apple-iphone-13-ID208293382.html"", ""رابط"")",AI_Success,,,,Hourly
2026-06-27 13:13:48,206779953,سامسونج ايه 25,"EGP 9,300",✅ عادل,8000,10000 EGP,+3%,السعر يبدو مناسباً للشراء,سعر معقول لا توجد مخاطر,Samsung A25,"=HYPERLINK(""https://www.dubizzle.com.eg/en/ad/%D8%B3%D8%A7%D9%85%D8%B3%D9%88%D9%86%D8%AC-%D8%A7%D9%8A%D9%87-25-ID206779953.html"", ""رابط"")",AI_Success,,,,Hourly
2026-06-27 13:13:48,208293293,Xiaomi Other Model,"EGP 8,500",✅ عادل,,,مش متوفر,بحث عن معلومات إضافية للسعر,نقص بيانات السوق ونموذج غير محدد,Xiaomi Other Model,"=HYPERLINK(""https://www.dubizzle.com.eg/en/ad/xiaomi-other-model-ID208293293.html"", ""رابط"")",AI_Success,,,,Hourly
2026-06-27 13:13:48,207040415,Samsung S21 Ultra 128GB نسخة أوروبية  خالص الضريبة,"EGP 17,500",✅ عادل,12000,18000 EGP,+17%,السعر يبدو مناسباً للشراء,سعر معقول لا توجد مخاطر,Samsung S21 Ultra 128GB,"=HYPERLINK(""https://www.dubizzle.com.eg/en/ad/samsung-s21-ultra-128gb-%D9%86%D8%B3%D8%AE%D8%A9-%D8%A3%D9%88%D8%B1%D9%88%D8%A8%D9%8A%D8%A9-%D8%AE%D8%A7%D9%84%D8%B5-%D8%A7%D9%84%D8%B6%D8%B1%D9%8A%D8%A8%D8%A9-ID207040415.html"", ""رابط"")",AI_Success,,,,Hourly
2026-06-27 13:13:48,208293208,Samsung Note 10 Plus,"EGP 11,000",✅ عادل,6500,12000 EGP,+19%,السعر يبدو مناسباً للشراء,سعر معقول لا توجد مخاطر,Samsung Note 10 Plus,"=HYPERLINK(""https://www.dubizzle.com.eg/en/ad/samsung-note-10-plus-ID208293208.html"", ""رابط"")",AI_Success,,,,Hourly
---,---,---,---,---,---,---,---,---,---,---,---,---,---,---,---,---
2026-06-27 15:10:07,208215857,Samsung S22 Plus,"EGP 18,000",✅ عادل,,,-2.7,سعر مناسب، يستحق المراجعة والشراء,لا يوجد مخاطر كبيرة,Samsung S22 Plus,"=HYPERLINK(""https://www.dubizzle.com.eg/en/ad/samsung-s22-plus-ID208215857.html"", ""رابط"")",AI_Success,,,,Hourly
2026-06-27 15:10:07,208294885,هونر  600 بيع    أو بدل,"EGP 24,000",✅ عادل,,,-1.03,سعر معقول، يمكن التفاوض قليلاً,تحقق من حالة الجهاز جيدًا,Honor 600,"=HYPERLINK(""https://www.dubizzle.com.eg/en/ad/%D9%87%D9%88%D9%86%D8%B1-600-%D8%A8%D9%8A%D8%B9-%D8%A3%D9%88-%D8%A8%D8%AF%D9%84-ID208294885.html"", ""رابط"")",AI_Success,,,,Hourly
2026-06-27 15:10:07,208294863,آبل - آيفون 12 برو ماكس,"EGP 21,000",✅ عادل,,,-15.23,سعر جيد، اغتنم الفرصة للشراء,لا يوجد مخاطر كبيرة,iPhone 12 Pro Max,"=HYPERLINK(""https://www.dubizzle.com.eg/en/ad/%D8%A2%D8%A8%D9%84-%D8%A2%D9%8A%D9%81%D9%88%D9%86-12-%D8%A8%D8%B1%D9%88-%D9%85%D8%A7%D9%83%D8%B3-ID208294863.html"", ""رابط"")",AI_Success,,,,Hourly
2026-06-27 15:10:07,207795726,سامسونج a 32,"EGP 6,000",✅ عادل,,,4.35,سعر معقول، فكر في الشراء الآن,تحقق من حالة البطارية والشاشة,Samsung A32,"=HYPERLINK(""https://www.dubizzle.com.eg/en/ad/%D8%B3%D8%A7%D9%85%D8%B3%D9%88%D9%86%D8%AC-a-32-ID207795726.html"", ""رابط"")",AI_Success,,,,Hourly
2026-06-27 15:10:07,208294753,Sony 1 V,"EGP 26,000",✅ عادل,,,,تحقق من سعر السوق العالمي,نقص بيانات السوق المحلي,Sony Xperia 1 V,"=HYPERLINK(""https://www.dubizzle.com.eg/en/ad/sony-1-v-ID208294753.html"", ""رابط"")",AI_Success,,,,Hourly
2026-06-27 15:10:07,208294745,Motorola Edge,"EGP 13,500",✅ عادل,,,-6.9,سعر جيد، اطلب الفحص الفني,تفاوت أسعار الموديلات المختلفة,Motorola Edge,"=HYPERLINK(""https://www.dubizzle.com.eg/en/ad/motorola-edge-ID208294745.html"", ""رابط"")",AI_Success,,,,Hourly
2026-06-27 15:10:07,208294721,هونر 400,"EGP 18,500",✅ عادل,,,-3.27,سعر عادل، تأكد من حالة الجهاز,لا يوجد مخاطر واضحة,Honor 400,"=HYPERLINK(""https://www.dubizzle.com.eg/en/ad/%D9%87%D9%88%D9%86%D8%B1-400-ID208294721.html"", ""رابط"")",AI_Success,,,,Hourly
2026-06-27 15:10:07,208215857,Samsung S22 Plus,"EGP 18,000",✅ عادل,,,-2.7,سعر مناسب، يستحق المراجعة والشراء,لا يوجد مخاطر كبيرة,Samsung S22 Plus,"=HYPERLINK(""https://www.dubizzle.com.eg/en/ad/samsung-s22-plus-ID208215857.html"", ""رابط"")",AI_Success,,,,Hourly
2026-06-27 15:10:07,207934553,القاهره,"EGP 12,000",✅ عادل,,,,ابحث عن تفاصيل الهاتف اولاً,معلومات غير كافية لتحديد السعر,غير محدد,"=HYPERLINK(""https://www.dubizzle.com.eg/en/ad/%D8%A7%D9%84%D9%82%D8%A7%D9%87%D8%B1%D9%87-ID207934553.html"", ""رابط"")",AI_Success,,,,Hourly
2026-06-27 15:10:07,208294617,Apple - iPhone 12 Pro,"EGP 18,000",✅ عادل,,,-12.2,سعر تنافسي، ينصح بالمعاينة السريعة,تأكد من صحة حالة البطارية,iPhone 12 Pro,"=HYPERLINK(""https://www.dubizzle.com.eg/en/ad/apple-iphone-12-pro-ID208294617.html"", ""رابط"")",AI_Success,,,,Hourly
2026-06-27 15:10:07,208294560,آبل - آيفون 11,"EGP 12,000",✅ عادل,,,-1.52,سعر مقبول، تحقق من الملحقات المتاحة,عمر البطارية قد يكون منخفضًا,iPhone 11,"=HYPERLINK(""https://www.dubizzle.com.eg/en/ad/%D8%A2%D8%A8%D9%84-%D8%A2%D9%8A%D9%81%D9%88%D9%86-11-ID208294560.html"", ""رابط"")",AI_Success,,,,Hourly
2026-06-27 15:10:07,208294549,سامسونج ايه 34 5جي,"EGP 7,700",✅ عادل,,,-17.65,صفقة جيدة، لا تتردد كثيرًا,لا يوجد مخاطر جوهرية,Samsung A34 5G,"=HYPERLINK(""https://www.dubizzle.com.eg/en/ad/%D8%B3%D8%A7%D9%85%D8%B3%D9%88%D9%86%D8%AC-%D8%A7%D9%8A%D9%87-34-5%D8%AC%D9%8A-ID208294549.html"", ""رابط"")",AI_Success,,,,Hourly
2026-06-27 15:10:07,208294542,آبل - آيفون 11,"EGP 11,500",✅ عادل,,,-5.62,سعر مقبول، تحقق من الملحقات المتاحة,عمر البطارية قد يكون منخفضًا,iPhone 11,"=HYPERLINK(""https://www.dubizzle.com.eg/en/ad/%D8%A2%D8%A8%D9%84-%D8%A2%D9%8A%D9%81%D9%88%D9%86-11-ID208294542.html"", ""رابط"")",AI_Success,,,,Hourly
2026-06-27 15:10:07,208294521,Samsung A56 Like New,"EGP 20,500",✅ عادل,,,9.33,سعر عادل، تأكد من حالة الجهاز,التحقق من أنه ليس A55 المعاد تسميته,Samsung A56,"=HYPERLINK(""https://www.dubizzle.com.eg/en/ad/samsung-a56-like-new-ID208294521.html"", ""رابط"")",AI_Success,,,,Hourly
---,---,---,---,---,---,---,---,---,---,---,---,---,---,---,---,---
2026-06-27 16:59:57,207200908,Redmi Turbo 5 max,"EGP 19,999",🔥 لُقطَة,20999,22999 EGP,-4.76,اشترِ فوراً صفقة رائعة,صفقة ممتازة، مخاطرة منخفضة,Redmi Turbo 5 Max,"=HYPERLINK(""https://www.dubizzle.com.eg/en/ad/redmi-turbo-5-max-ID207200908.html"", ""رابط"")",AI_Success,,,,Hourly
2026-06-27 16:59:57,207200933,HONOR WIN RT,"EGP 27,999",✅ عادِل,,,0.0,تحقق من مواصفات الهاتف جيداً,مخاطرة متوسطة لعدم وجود معلومات,HONOR WIN RT,"=HYPERLINK(""https://www.dubizzle.com.eg/en/ad/honor-win-rt-ID207200933.html"", ""رابط"")",AI_Success,,,,Hourly
2026-06-27 16:59:57,208039428,سامسونج ايه 16,"EGP 6,900",✅ عادِل,,,0.0,تأكد من صحة اسم الموديل,مخاطرة عالية قد يكون موديل وهمي,Samsung A16,"=HYPERLINK(""https://www.dubizzle.com.eg/en/ad/%D8%B3%D8%A7%D9%85%D8%B3%D9%88%D9%86%D8%AC-%D8%A7%D9%8A%D9%87-16-ID208039428.html"", ""رابط"")",AI_Success,,,,Hourly
2026-06-27 16:59:57,208295921,آبل - آيفون 13 برو ماكس,"EGP 27,000",✅ عادِل,26000,38000 EGP,-15.63,سعر معقول، تفحص الجهاز بعناية,مخاطرة منخفضة، صفقة قياسية,iPhone 13 Pro Max,"=HYPERLINK(""https://www.dubizzle.com.eg/en/ad/%D8%A2%D8%A8%D9%84-%D8%A2%D9%8A%D9%81%D9%88%D9%86-13-%D8%A8%D8%B1%D9%88-%D9%85%D8%A7%D9%83%D8%B3-ID208295921.html"", ""رابط"")",AI_Success,,,,Hourly
2026-06-27 16:59:57,208295878,Apple - iPhone 13,"EGP 21,000",✅ عادِل,15000,32000 EGP,-10.64,سعر عادل، قم بالمقارنة أولاً,مخاطرة منخفضة، صفقة قياسية,iPhone 13,"=HYPERLINK(""https://www.dubizzle.com.eg/en/ad/apple-iphone-13-ID208295878.html"", ""رابط"")",AI_Success,,,,Hourly
2026-06-27 16:59:57,208295842,ريدمي 15 سي,"EGP 8,000",✅ عادِل,6800,9599 EGP,-2.43,سعر مناسب، تفاوض قليل ممكن,مخاطرة منخفضة، صفقة قياسية,Redmi 15C,"=HYPERLINK(""https://www.dubizzle.com.eg/en/ad/%D8%B1%D9%8A%D8%AF%D9%85%D9%8A-15-%D8%B3%D9%8A-ID208295842.html"", ""رابط"")",AI_Success,,,,Hourly
2026-06-27 16:59:57,208039317,Google Pixel 8 Pro,"EGP 27,000",🔥 لُقطَة,28000,38000 EGP,-3.57,صفقة جيدة، لا تفوتها أبداً,مخاطرة منخفضة، فرصة مميزة جداً,Google Pixel 8 Pro,"=HYPERLINK(""https://www.dubizzle.com.eg/en/ad/google-pixel-8-pro-ID208039317.html"", ""رابط"")",AI_Success,,,,Hourly
2026-06-27 16:59:57,208295798,آبل - آيفون اكس,"EGP 6,000",✅ عادِل,4000,9000 EGP,-7.69,سعر مقبول، تفحص الهاتف جيداً,مخاطرة منخفضة، تحقق من الحالة,iPhone X,"=HYPERLINK(""https://www.dubizzle.com.eg/en/ad/%D8%A2%D8%A8%D9%84-%D8%A2%D9%8A%D9%81%D9%88%D9%86-%D8%A7%D9%83%D8%B3-ID208295798.html"", ""رابط"")",AI_Success,,,,Hourly
2026-06-27 16:59:57,208295791,Cairo,"EGP 20,000",✅ عادِل,,,0.0,هذا ليس هاتف للبيع حالياً,لا ينطبق، إعلان غير ذي صلة,N/A,"=HYPERLINK(""https://www.dubizzle.com.eg/en/ad/cairo-ID208295791.html"", ""رابط"")",AI_Success,,,,Hourly
2026-06-27 16:59:57,208295757,مصر الجديدة,"EGP 12,500",✅ عادِل,,,0.0,هذا ليس هاتف للبيع حالياً,لا ينطبق، إعلان غير ذي صلة,N/A,"=HYPERLINK(""https://www.dubizzle.com.eg/en/ad/%D9%85%D8%B5%D8%B1-%D8%A7%D9%84%D8%AC%D8%AF%D9%8A%D8%AF%D8%A9-ID208295757.html"", ""رابط"")",AI_Success,,,,Hourly
2026-06-27 16:59:57,208295752,سامسونج ايه 07 5 جي,"EGP 7,500",✅ عادِل,,,0.0,تأكد من صحة اسم الموديل,مخاطرة عالية قد يكون موديل وهمي,Samsung A07 5G,"=HYPERLINK(""https://www.dubizzle.com.eg/en/ad/%D8%B3%D8%A7%D9%85%D8%B3%D9%88%D9%86%D8%AC-%D8%A7%D9%8A%D9%87-07-5-%D8%AC%D9%8A-ID208295752.html"", ""رابط"")",AI_Success,,,,Hourly
2026-06-27 16:59:57,208295707,Samsung A36,"EGP 15,000",✅ عادِل,14000,18500 EGP,-7.69,سعر جيد، ابحث عن عيوب بسيطة,مخاطرة منخفضة، صفقة قياسية,Samsung A36,"=HYPERLINK(""https://www.dubizzle.com.eg/en/ad/samsung-a36-ID208295707.html"", ""رابط"")",AI_Success,,,,Hourly
2026-06-27 16:59:57,208295697,Redmi A7 pro 128 giga جديد متبرشم,"EGP 7,000",✅ عادِل,,,0.0,تأكد من صحة اسم الموديل,مخاطرة عالية قد يكون موديل وهمي,Redmi A7 Pro,"=HYPERLINK(""https://www.dubizzle.com.eg/en/ad/redmi-a7-pro-128-giga-%D8%AC%D8%AF%D9%8A%D8%AF-%D9%85%D8%AA%D8%A8%D8%B1%D8%B4%D9%85-ID208295697.html"", ""رابط"")",AI_Success,,,,Hourly
---,---,---,---,---,---,---,---,---,---,---,---,---,---,---,---,---
2026-06-27 18:05:11,208296502,آبل - آيفون اكس اس,"EGP 6,500",✅ عادل,6000,9000 EGP,-13.33,السعر مناسب، فرصته جيدة جداً,لا توجد مخاطر عالية للشراء,iPhone XS,"=HYPERLINK(""https://www.dubizzle.com.eg/en/ad/%D8%A2%D8%A8%D9%84-%D8%A2%D9%8A%D9%81%D9%88%D9%86-%D8%A7%D9%83%D8%B3-%D8%A7%D8%B3-ID208296502.html"", ""رابط"")",AI_Success,,,,Hourly
2026-06-27 18:05:11,208296474,Apple - iPhone X زيرو ب الكرتونه وتر بروف,"EGP 6,500",✅ عادل,4000,8000 EGP,8.33,السعر عادل، تفاوض قليل ممكن,ادعاء 'زيرو' مشبوه لجهاز قديم,iPhone X,"=HYPERLINK(""https://www.dubizzle.com.eg/en/ad/apple-iphone-x-%D8%B2%D9%8A%D8%B1%D9%88-%D8%A8-%D8%A7%D9%84%D9%83%D8%B1%D8%AA%D9%88%D9%86%D9%87-%D9%88%D8%AA%D8%B1-%D8%A8%D8%B1%D9%88%D9%81-ID208296474.html"", ""رابط"")",AI_Success,,,,Hourly
2026-06-27 18:05:11,207317856,ريملى 67,"EGP 9,000",✅ عادل,,,0.0,تأكد من موديل الهاتف جيداً جداً,الموديل غير معروف، قد يكون خداع,Realme 67,"=HYPERLINK(""https://www.dubizzle.com.eg/en/ad/%D8%B1%D9%8A%D9%85%D9%84%D9%89-67-ID207317856.html"", ""رابط"")",AI_Success,,,,Hourly
2026-06-27 18:05:11,208296351,آبل - آيفون 14 برو ماكس,"EGP 28,000",🔥 لقطة,40000,55000 EGP,-30.0,صفقة رائعة، فحص دقيق جداً,احتمال كبير لوجود عيوب خطيرة,iPhone 14 Pro Max,"=HYPERLINK(""https://www.dubizzle.com.eg/en/ad/%D8%A2%D8%A8%D9%84-%D8%A2%D9%8A%D9%81%D9%88%D9%86-14-%D8%A8%D8%B1%D9%88-%D9%85%D8%A7%D9%83%D8%B3-ID208296351.html"", ""رابط"")",AI_Success,,,,Hourly
2026-06-27 18:05:11,208296333,آبل - آيفون 11,"EGP 12,000",✅ عادل,7000,14000 EGP,14.29,السعر مناسب، قم بالمعاينة فورا,مخاطر طبيعية لشراء المستعمل فقط,iPhone 11,"=HYPERLINK(""https://www.dubizzle.com.eg/en/ad/%D8%A2%D8%A8%D9%84-%D8%A2%D9%8A%D9%81%D9%88%D9%86-11-ID208296333.html"", ""رابط"")",AI_Success,,,,Hourly
2026-06-27 18:05:11,208296328,Samsung Note 20 Ultra,"EGP 17,000",✅ عادل,10000,18500 EGP,19.3,السعر جيد، تحقق من الحالة تماماً,تأكد من حالة الشاشة والبطارية,Samsung Note 20 Ultra,"=HYPERLINK(""https://www.dubizzle.com.eg/en/ad/samsung-note-20-ultra-ID208296328.html"", ""رابط"")",AI_Success,,,,Hourly
2026-06-27 18:05:11,208296270,ريلمى 11 زيرووو بسعر لقطة,"EGP 5,800",🔥 لقطة,6500,8500 EGP,-10.77,فرصة ممتازة، افحص جيدا جداً,احتمال عيوب خفية، افحص جيدا,Realme 11,"=HYPERLINK(""https://www.dubizzle.com.eg/en/ad/%D8%B1%D9%8A%D9%84%D9%85%D9%89-11-%D8%B2%D9%8A%D8%B1%D9%88%D9%88%D9%88-%D8%A8%D8%B3%D8%B9%D8%B1-%D9%84%D9%82%D8%B7%D8%A9-ID208296270.html"", ""رابط"")",AI_Success,,,,Hourly
2026-06-27 18:05:11,208296244,ايفون 12ميني ابيض,"EGP 12,000",✅ عادل,8000,13000 EGP,14.29,السعر مقبول، فحص دقيق لازم جداً,بطارية صغيرة، تأكد من حالتها,iPhone 12 Mini,"=HYPERLINK(""https://www.dubizzle.com.eg/en/ad/%D8%A7%D9%8A%D9%81%D9%88%D9%86-12%D9%85%D9%8A%D9%86%D9%8A-%D8%A7%D8%A8%D9%8A%D8%B6-ID208296244.html"", ""رابط"")",AI_Success,,,,Hourly
2026-06-27 18:05:11,208296241,شاومي ريدمي نوت 14 برو,"EGP 17,500",✅ عادل,12500,19000 EGP,11.11,السعر جيد، فرصة شراء مناسبة جداً,جهاز حديث، تأكد من الأصالة دائماً,Xiaomi Redmi Note 14 Pro,"=HYPERLINK(""https://www.dubizzle.com.eg/en/ad/%D8%B4%D8%A7%D9%88%D9%85%D9%8A-%D8%B1%D9%8A%D8%AF%D9%85%D9%8A-%D9%86%D9%88%D8%AA-14-%D8%A8%D8%B1%D9%88-ID208296241.html"", ""رابط"")",AI_Success,,,,Hourly
2026-06-27 18:05:11,208296170,Realme 11 Pro,"EGP 11,000",✅ عادل,9500,12500 EGP,0.0,السعر معقول، فحص كامل مطلوب جداً,لا توجد مخاطر استثنائية للشراء,Realme 11 Pro,"=HYPERLINK(""https://www.dubizzle.com.eg/en/ad/realme-11-pro-ID208296170.html"", ""رابط"")",AI_Success,,,,Hourly
2026-06-27 18:05:11,208296112,آبل - آيفون 13 برو,"EGP 28,000",✅ عادل,25000,35000 EGP,-6.67,السعر جيد، فرصة للمساومة بذكاء,لا توجد مخاطر كبيرة للشراء,iPhone 13 Pro,"=HYPERLINK(""https://www.dubizzle.com.eg/en/ad/%D8%A2%D8%A8%D9%84-%D8%A2%D9%8A%D9%81%D9%88%D9%86-13-%D8%A8%D8%B1%D9%88-ID208296112.html"", ""رابط"")",AI_Success,,,,Hourly
---,---,---,---,---,---,---,---,---,---,---,---,---,---,---,---,---
2026-06-27 20:04:37,207995816,Redmi turbo 5max,"EGP 22,000",✅ عادل,,,3.53%,قم بالشراء سعر معقول,مخاطر شراء طبيعية جداً,Redmi Turbo 5 Max,"=HYPERLINK(""https://www.dubizzle.com.eg/en/ad/redmi-turbo-5max-ID207995816.html"", ""رابط"")",AI_Success,,,,Hourly
2026-06-27 20:04:37,207046081,Oppo reno15,"EGP 28,500",✅ عادل,,,-3.39%,سعر مناسب لجهاز جديد,لا توجد مخاطر إضافية كبيرة,OPPO Reno 15,"=HYPERLINK(""https://www.dubizzle.com.eg/en/ad/oppo-reno15-ID207046081.html"", ""رابط"")",AI_Success,,,,Hourly
2026-06-27 20:04:37,207685729,Samsung A56,"EGP 20,000",✅ عادل,,,0.00%,هذا السعر يعتبر عادلاً الآن,مخاطر شراء طبيعية جداً,Samsung Galaxy A56,"=HYPERLINK(""https://www.dubizzle.com.eg/en/ad/samsung-a56-ID207685729.html"", ""رابط"")",AI_Success,,,,Hourly
2026-06-27 20:04:37,208297412,OPPO A5,"EGP 11,000",✅ عادل,,,15.79%,سعر في الحد الأعلى المقبول,تحقق من حالة البطارية جيداً,OPPO A5 (2025),"=HYPERLINK(""https://www.dubizzle.com.eg/en/ad/oppo-a5-ID208297412.html"", ""رابط"")",AI_Success,,,,Hourly
2026-06-27 20:04:37,208297385,Apple - iPhone 13,"EGP 21,000",✅ عادل,,,-8.70%,سعر جيد لجهاز موثوق به,تأكد من حالة البطارية والشاشة,Apple iPhone 13,"=HYPERLINK(""https://www.dubizzle.com.eg/en/ad/apple-iphone-13-ID208297385.html"", ""رابط"")",AI_Success,,,,Hourly
2026-06-27 20:04:37,208297360,آبل - آيفون اكس,"EGP 6,000",✅ عادل,,,-7.69%,سعر عادل جداً لهاتف قديم,الجهاز قديم ولا يتلقى تحديثات,Apple iPhone X,"=HYPERLINK(""https://www.dubizzle.com.eg/en/ad/%D8%A2%D8%A8%D9%84-%D8%A2%D9%8A%D9%81%D9%88%D9%86-%D8%A7%D9%83%D8%B3-ID208297360.html"", ""رابط"")",AI_Success,,,,Hourly
2026-06-27 20:04:37,207685729,Samsung A56,"EGP 20,000",✅ عادل,,,0.00%,هذا السعر يعتبر عادلاً الآن,مخاطر شراء طبيعية جداً,Samsung Galaxy A56,"=HYPERLINK(""https://www.dubizzle.com.eg/en/ad/samsung-a56-ID207685729.html"", ""رابط"")",AI_Success,,,,Hourly
2026-06-27 20:04:37,205426639,Huawei nova flip,"EGP 19,000",✅ عادل,,,-5.00%,صفقة جيدة لهاتف قابل للطي,تحقق من مفصل الشاشة جيداً,Huawei Nova Flip,"=HYPERLINK(""https://www.dubizzle.com.eg/en/ad/huawei-nova-flip-ID205426639.html"", ""رابط"")",AI_Success,,,,Hourly
2026-06-27 20:04:37,207995816,Redmi turbo 5max,"EGP 22,000",✅ عادل,,,3.53%,قم بالشراء سعر معقول,مخاطر شراء طبيعية جداً,Redmi Turbo 5 Max,"=HYPERLINK(""https://www.dubizzle.com.eg/en/ad/redmi-turbo-5max-ID207995816.html"", ""رابط"")",AI_Success,,,,Hourly
2026-06-27 20:04:37,208297306,سامسونج ام ٥٥ 5 جي,"EGP 11,500",💰 لقطة,,,-8.00%,فرصة رائعة لا تفوتها سريعاً,لا توجد مخاطر إضافية كبيرة,Samsung Galaxy M55 5G,"=HYPERLINK(""https://www.dubizzle.com.eg/en/ad/%D8%B3%D8%A7%D9%85%D8%B3%D9%88%D9%86%D8%AC-%D8%A7%D9%85-%D9%A5%D9%A5-5-%D8%AC%D9%8A-ID208297306.html"", ""رابط"")",AI_Success,,,,Hourly
2026-06-27 20:04:37,207046081,Oppo reno15,"EGP 28,500",✅ عادل,,,-3.39%,سعر مناسب لجهاز جديد,لا توجد مخاطر إضافية كبيرة,OPPO Reno 15,"=HYPERLINK(""https://www.dubizzle.com.eg/en/ad/oppo-reno15-ID207046081.html"", ""رابط"")",AI_Success,,,,Hourly
2026-06-27 20:04:37,208297251,Samsung A52,"EGP 12,000",❌ مبالغ فيه,,,20.00%,السعر مرتفع جداً حالياً لا تشترِ,قد يكون البائع يبالغ بالسعر,Samsung Galaxy A52,"=HYPERLINK(""https://www.dubizzle.com.eg/en/ad/samsung-a52-ID208297251.html"", ""رابط"")",AI_Success,,,,Hourly
---,---,---,---,---,---,---,---,---,---,---,---,---,---,---,---,---
2026-06-27 23:59:49,208299085,Realme 11 Pro,"EGP 7,500",✅ عادل,,,0.0,السعر مناسب ، يمكنك الشراء,سعر عادل مع مخاطر عادية,Realme 11 Pro,"=HYPERLINK(""https://www.dubizzle.com.eg/en/ad/realme-11-pro-ID208299085.html"", ""رابط"")",AI_Success,,,,BULK_WINDOW
2026-06-27 23:59:49,208299065,Apple - iPhone 13,"EGP 22,500",✅ عادل,,,-6.34,السعر مناسب ، يمكنك الشراء,سعر عادل مع مخاطر عادية,Apple iPhone 13,"=HYPERLINK(""https://www.dubizzle.com.eg/en/ad/apple-iphone-13-ID208299065.html"", ""رابط"")",AI_Success,,,,BULK_WINDOW
2026-06-27 23:59:49,208299033,"brand new infinix smart 10 plus, sealed and never opened","EGP 6,000",✅ عادل,,,-10.71,السعر مناسب ، يمكنك الشراء,سعر عادل مع مخاطر عادية,Infinix Smart 10 Plus,"=HYPERLINK(""https://www.dubizzle.com.eg/en/ad/brand-new-infinix-smart-10-plus-sealed-and-never-opened-ID208299033.html"", ""رابط"")",AI_Success,,,,BULK_WINDOW
2026-06-27 23:59:49,208299004,OPPO Reno12 F,"EGP 11,000",✅ عادل,,,-2.22,السعر مناسب ، يمكنك الشراء,سعر عادل مع مخاطر عادية,OPPO Reno12 F,"=HYPERLINK(""https://www.dubizzle.com.eg/en/ad/oppo-reno12-f-ID208299004.html"", ""رابط"")",AI_Success,,,,BULK_WINDOW
2026-06-27 23:59:49,208298873,آبل - آيفون 11 برو,"EGP 9,500",🔥 لقطة,,,-13.64,اشتر هذا العرض فورًا ممكن,فرصة جيدة للشراء منخفضة المخاطر,Apple iPhone 11 Pro,"=HYPERLINK(""https://www.dubizzle.com.eg/en/ad/%D8%A2%D8%A8%D9%84-%D8%A2%D9%8A%D9%81%D9%88%D9%86-11-%D8%A8%D8%B1%D9%88-ID208298873.html"", ""رابط"")",AI_Success,,,,BULK_WINDOW
2026-06-27 23:59:49,208298860,فيفو واى 29,"EGP 7,500",🔥 لقطة,,,-40.48,اشتر هذا العرض فورًا ممكن,فرصة جيدة للشراء منخفضة المخاطر,Vivo Y29,"=HYPERLINK(""https://www.dubizzle.com.eg/en/ad/%D9%81%D9%8A%D9%81%D9%88-%D9%88%D8%A7%D9%89-29-ID208298860.html"", ""رابط"")",AI_Success,,,,BULK_WINDOW
2026-06-27 23:59:49,208298854,شاومي ريدمي 5 ايه,"EGP 6,500",⚠️ مصيدة,,,550.0,تجنب هذا العرض بشدة الآن,هاتف قديم جداً بسعر خارق,Xiaomi Redmi 5A,"=HYPERLINK(""https://www.dubizzle.com.eg/en/ad/%D8%B4%D8%A7%D9%88%D9%85%D9%8A-%D8%B1%D9%8A%D8%AF%D9%85%D9%8A-5-%D8%A7%D9%8A%D9%87-ID208298854.html"", ""رابط"")",AI_Success,,,,BULK_WINDOW
2026-06-27 23:59:49,208298849,Apple - iPhone 13,"EGP 25,000",✅ عادل,,,4.06,السعر مناسب ، يمكنك الشراء,سعر عادل مع مخاطر عادية,Apple iPhone 13,"=HYPERLINK(""https://www.dubizzle.com.eg/en/ad/apple-iphone-13-ID208298849.html"", ""رابط"")",AI_Success,,,,BULK_WINDOW
---,---,---,---,---,---,---,---,---,---,---,---,---,---,---,---,---
2026-06-28 06:56:39,208300105,فيفو فى 29 برو,"EGP 8,750",✅ عادل,,,0.0,تحقق من السعر لعدم توفره,لا توجد بيانات سوق حالية لهذا النموذج.,Vivo V29 Pro,"=HYPERLINK(""https://www.dubizzle.com.eg/en/ad/%D9%81%D9%8A%D9%81%D9%88-%D9%81%D9%89-29-%D8%A8%D8%B1%D9%88-ID208300105.html"", ""رابط"")",AI_Success,,,,BULK_WINDOW
2026-06-28 06:56:39,208300084,سامسونج ايه 15 5 جي,"EGP 5,500",✅ عادل,,,-4.35,السعر عادل، تفاوض قليلاً,السعر يتوافق مع متوسط أسعار السوق الحالية.,Samsung A15 5G,"=HYPERLINK(""https://www.dubizzle.com.eg/en/ad/%D8%B3%D8%A7%D9%85%D8%B3%D9%88%D9%86%D8%AC-%D8%A7%D9%8A%D9%87-15-5-%D8%AC%D9%8A-ID208300084.html"", ""رابط"")",AI_Success,,,,BULK_WINDOW
2026-06-28 06:56:39,208300079,آبل - آيفون 14,"EGP 24,000",✅ عادل,,,-2.04,السعر عادل، تفاوض قليلاً,السعر يتوافق مع متوسط أسعار السوق الحالية.,iPhone 14,"=HYPERLINK(""https://www.dubizzle.com.eg/en/ad/%D8%A2%D8%A8%D9%84-%D8%A2%D9%8A%D9%81%D9%88%D9%86-14-ID208300079.html"", ""رابط"")",AI_Success,,,,BULK_WINDOW
2026-06-28 06:56:39,208300073,Apple - iPhone 15,"EGP 27,000",🔥 لقطة,,,-10.0,سارع بالشراء، فرصة لا تعوض,السعر جيد جداً، أقل من سعر السوق أو في حده الأدنى.,iPhone 15,"=HYPERLINK(""https://www.dubizzle.com.eg/en/ad/apple-iphone-15-ID208300073.html"", ""رابط"")",AI_Success,,,,BULK_WINDOW
2026-06-28 06:56:39,208300036,Samsung S22 ultra,"EGP 25,000",✅ عادل,,,2.04,السعر عادل، تفاوض قليلاً,السعر يتوافق مع متوسط أسعار السوق الحالية.,Samsung S22 Ultra,"=HYPERLINK(""https://www.dubizzle.com.eg/en/ad/samsung-s22-ultra-ID208300036.html"", ""رابط"")",AI_Success,,,,BULK_WINDOW
2026-06-28 06:56:39,208300028,آبل - آيفون 11,"EGP 10,500",✅ عادل,,,-8.7,السعر عادل، تفاوض قليلاً,السعر يتوافق مع متوسط أسعار السوق الحالية.,iPhone 11,"=HYPERLINK(""https://www.dubizzle.com.eg/en/ad/%D8%A2%D8%A8%D9%84-%D8%A2%D9%8A%D9%81%D9%88%D9%86-11-ID208300028.html"", ""رابط"")",AI_Success,,,,BULK_WINDOW
2026-06-28 06:56:39,208299999,شاومي ريدمي نوت 14,"EGP 8,800",✅ عادل,,,-2.22,السعر عادل، تفاوض قليلاً,السعر يتوافق مع متوسط أسعار السوق الحالية.,Xiaomi Redmi Note 14,"=HYPERLINK(""https://www.dubizzle.com.eg/en/ad/%D8%B4%D8%A7%D9%88%D9%85%D9%8A-%D8%B1%D9%8A%D8%AF%D9%85%D9%8A-%D9%86%D9%88%D8%AA-14-ID208299999.html"", ""رابط"")",AI_Success,,,,BULK_WINDOW
2026-06-28 06:56:39,208299980,اوبو رينو 8 تي,"EGP 8,500",✅ عادل,,,0.0,تحقق من السعر لعدم توفره,لا توجد بيانات سوق حالية لهذا النموذج.,Oppo Reno 8T,"=HYPERLINK(""https://www.dubizzle.com.eg/en/ad/%D8%A7%D9%88%D8%A8%D9%88-%D8%B1%D9%8A%D9%86%D9%88-8-%D8%AA%D9%8A-ID208299980.html"", ""رابط"")",AI_Success,,,,BULK_WINDOW
2026-06-28 06:56:39,208299966,آبل - آيفون 12,"EGP 12,900",✅ عادل,,,-11.03,السعر عادل، تفاوض قليلاً,السعر يتوافق مع متوسط أسعار السوق الحالية.,iPhone 12,"=HYPERLINK(""https://www.dubizzle.com.eg/en/ad/%D8%A2%D8%A8%D9%84-%D8%A2%D9%8A%D9%81%D9%88%D9%86-12-ID208299966.html"", ""رابط"")",AI_Success,,,,BULK_WINDOW
---,---,---,---,---,---,---,---,---,---,---,---,---,---,---,---,---
